turned_on,voltage,current,power,span
2021-01-13 19:49:27,232.34,2.91,676.11,502
2021-02-02 23:11:01,149.81,3.36,503.36,1722
2021-05-22 04:01:17,91.09,4.41,401.71,35057
2022-02-26 16:15:18,108.52,7.55,819.33,27460
2021-03-15 21:57:08,96.86,8.9,862.05,3720
2022-03-26 21:31:19,84.02,7.57,636.03,3797
2022-06-09 21:32:50,210.24,1.24,260.7,4628
2021-04-01 09:24:23,211.37,1.89,399.49,52528
2022-02-02 10:49:41,98.86,8.33,823.5,32645
2021-02-12 11:48:57,1.11,6.29,6.98,10920
2021-01-20 12:57:00,118.16,8.38,990.18,18
2022-02-19 21:16:22,7.69,2.02,15.53,9572
2021-12-19 10:22:35,235.61,4.61,1086.16,11169
2022-04-05 17:25:34,189.75,3.04,576.84,4565
2022-07-15 07:57:36,84.91,6.78,575.69,18070
2022-05-09 15:37:18,230.88,2.14,494.08,26044
2021-11-04 05:35:40,91.05,0.67,61.0,62175
2022-06-28 13:32:59,225.48,6.12,1379.94,8340
2021-09-21 09:33:30,238.22,8.11,1931.96,3613
2022-07-21 23:07:52,127.19,7.64,971.73,2825
2022-05-30 05:56:22,153.4,0.54,82.84,39635
2021-08-14 05:12:00,239.32,4.35,1041.04,5752
2022-03-07 11:54:27,122.77,5.08,623.67,3796
2022-06-24 03:57:05,155.27,0.88,136.64,57650
2022-01-23 02:10:54,170.81,1.6,273.3,68645
2022-02-14 01:05:41,21.22,7.18,152.36,55216
2021-08-08 22:44:51,216.07,2.11,455.91,4383
2022-04-06 20:35:23,182.41,2.23,406.77,728
2021-01-08 15:39:46,174.12,6.52,1135.26,11173
2021-12-20 17:07:48,73.31,9.07,664.92,11583
2022-07-25 21:59:34,51.16,1.88,96.18,15
2022-07-24 01:26:52,38.66,3.35,129.51,40742
2021-03-27 02:18:34,191.4,8.48,1623.07,37502
2022-06-16 00:41:00,16.41,4.3,70.56,33310
2022-02-11 00:50:06,84.24,3.26,274.62,14643
2021-01-01 02:13:59,101.05,1.45,146.52,63960
2021-02-04 10:54:48,212.36,0.11,23.36,3906
2021-08-10 00:29:52,177.33,7.98,1415.09,4444
2022-07-25 14:13:13,50.92,0.88,44.81,11847
2022-03-22 16:56:22,152.38,2.69,409.9,10821
2021-05-21 00:43:35,74.4,8.66,644.3,65480
2021-07-03 17:21:31,68.73,4.24,291.42,22022
2021-08-24 21:49:17,213.55,3.82,815.76,7837
2022-04-11 13:04:19,198.53,8.67,1721.26,25826
2022-06-05 07:39:11,46.09,5.16,237.82,51321
2022-01-13 00:43:08,184.03,4.28,787.65,7967
2021-06-04 14:36:44,234.17,4.72,1105.28,18909
2021-05-30 09:16:44,197.18,6.3,1242.23,49090
2021-08-23 20:07:42,20.23,4.79,96.9,11347
2022-06-18 06:25:08,132.38,3.0,397.14,430
2022-04-19 19:51:45,8.81,0.41,3.61,7205
2021-05-21 01:35:56,233.73,7.56,1767.0,37262
2021-12-22 09:19:38,59.85,0.15,8.98,14407
2021-05-02 20:50:51,50.24,2.71,136.15,7681
2022-07-08 16:35:15,218.79,3.72,813.9,18905
2022-07-26 01:41:54,134.27,8.9,1195.0,3600
2022-07-13 06:58:36,116.57,2.72,317.07,25209
2021-01-10 08:34:28,167.11,6.37,1064.49,422
2022-06-08 03:58:21,167.34,0.71,118.81,43233
2021-09-08 06:22:47,236.89,4.73,1120.49,25632
2022-07-17 07:21:58,77.24,5.08,392.38,58201
2021-01-31 09:18:13,128.5,3.34,429.19,40099
2022-04-13 17:59:49,131.38,0.4,52.55,7201
2021-07-31 02:28:45,55.32,8.09,447.54,76513
2021-04-19 00:14:10,69.87,7.28,508.65,55047
2021-03-24 05:58:21,139.31,5.71,795.46,21672
2022-07-19 05:38:52,188.48,3.1,584.29,8284
2022-05-15 05:00:19,65.71,0.05,3.29,46527
2021-01-14 21:59:36,164.38,7.67,1260.79,7202
2021-09-29 22:49:18,144.13,1.43,206.11,2
2022-02-04 23:56:35,160.97,9.09,1463.22,126
2021-02-03 04:24:35,138.76,6.63,919.98,26714
2022-07-14 08:53:39,20.52,7.82,160.47,39847
2022-07-04 14:22:20,139.38,6.37,887.85,25225
2021-05-18 21:59:18,48.38,4.43,214.32,3641
2021-11-03 10:17:23,104.88,0.67,70.27,25392
2022-03-09 22:05:05,87.12,7.32,637.72,6573
2021-03-08 11:34:09,110.74,2.34,259.13,36200
2022-06-11 09:47:54,114.3,9.25,1057.27,22084
2022-06-13 10:09:42,226.62,7.75,1756.31,3914
2021-06-25 01:24:20,74.54,0.17,12.67,65361
2021-11-06 12:04:59,114.42,0.86,98.4,32400
2022-03-22 15:40:01,86.85,2.98,258.81,22666
2021-01-13 17:05:45,3.38,7.58,25.62,1687
2021-07-29 16:02:14,136.04,9.4,1278.78,18391
2022-06-03 19:48:28,28.33,6.96,197.18,689
2021-01-14 19:15:43,175.88,6.85,1204.78,8348
2022-03-04 23:21:11,165.83,5.12,849.05,373
2021-08-13 22:33:33,169.02,7.05,1191.59,801
2022-06-25 22:50:26,27.85,3.54,98.59,493
2022-06-16 21:36:21,214.68,6.67,1431.92,4882
2022-04-01 12:23:21,108.89,3.26,354.98,11825
2022-06-30 13:26:37,160.91,6.67,1073.27,4640
2022-03-29 05:55:20,229.17,3.44,788.34,50492
2022-06-10 15:08:17,152.35,6.54,996.37,23363
2021-08-18 21:16:08,28.59,3.17,90.63,977
2021-09-09 02:54:01,154.66,8.95,1384.21,3908
2021-10-22 20:28:08,22.49,5.62,126.39,4283
2022-04-23 11:06:47,55.24,1.09,60.21,35285
2022-05-03 03:28:51,33.55,3.71,124.47,44644
2021-03-01 11:59:57,154.78,0.44,68.1,32401
2021-06-11 12:01:42,37.19,9.1,338.43,3790
2022-06-07 21:58:33,192.63,1.05,202.26,7223
2022-01-22 05:24:38,107.97,4.98,537.69,51844
2022-03-08 21:07:36,78.86,6.44,507.86,1151
2021-03-12 14:30:09,201.42,1.62,326.3,15386
2021-05-30 06:02:27,59.79,2.96,176.98,31107
2021-08-11 09:26:24,33.25,8.3,275.98,1260
2022-04-20 14:33:53,147.26,5.3,780.48,8405
2022-02-07 22:02:34,104.69,4.43,463.78,544
2021-07-10 15:47:20,130.91,5.87,768.44,11436
2022-05-01 01:53:52,142.22,2.18,310.04,50467
2022-04-26 01:18:07,179.24,8.5,1523.54,34852
2022-01-19 18:53:37,78.61,7.31,574.64,201
2021-06-20 05:38:36,121.2,7.22,875.06,39862
2021-08-29 04:03:34,87.62,8.63,756.16,2943
2021-09-27 14:48:48,206.03,4.9,1009.55,28931
2021-07-19 10:38:29,86.81,2.12,184.04,8293
2021-08-02 09:33:20,42.22,3.08,130.04,7814
2022-03-21 08:37:34,78.49,6.95,545.51,44476
2021-10-27 13:20:04,40.54,5.68,230.27,36435
2021-06-04 16:13:36,210.72,2.3,484.66,20763
2021-01-01 23:03:22,220.42,1.25,275.52,875
2022-01-17 05:42:35,49.94,7.73,386.04,43937
2022-01-15 02:08:19,85.16,8.47,721.31,77125
2022-05-27 19:36:39,228.52,0.74,169.1,7212
2021-05-03 17:32:05,156.62,9.63,1508.25,3949
2021-08-28 03:05:22,129.31,6.14,793.96,19230
2022-07-14 07:05:46,83.21,4.68,389.42,2948
2021-03-14 04:18:54,187.84,6.76,1269.8,60
2021-01-22 02:47:18,154.41,4.66,719.55,76201
2022-07-27 06:50:00,234.1,5.53,1294.57,14601
2022-04-04 15:22:49,13.77,0.07,0.96,19986
2022-02-19 17:02:29,170.3,2.21,376.36,23712
2021-03-11 12:09:46,1.99,2.94,5.85,7329
2021-02-08 14:32:03,17.15,1.47,25.21,21726
2022-03-25 20:54:07,168.34,8.96,1508.33,7454
2021-04-04 03:40:34,113.13,9.43,1066.82,43462
2022-02-26 23:40:31,53.93,7.04,379.67,373
2021-12-24 23:48:57,59.93,5.86,351.19,122
2021-01-12 15:36:58,67.74,8.94,605.6,4500
2021-01-16 16:45:30,13.14,6.7,88.04,7927
2021-04-16 11:51:20,80.69,0.91,73.43,67
2021-06-13 14:57:54,138.66,2.81,389.63,2
2021-05-27 23:57:56,189.96,8.01,1521.58,1
2021-10-01 19:55:37,74.47,2.17,161.6,3795
2022-07-15 22:50:51,53.19,7.38,392.54,3780
2021-04-01 16:08:24,199.01,6.43,1279.63,570
2021-01-20 03:23:23,233.68,5.58,1303.93,50887
2021-08-10 04:58:50,64.64,2.5,161.6,3605
2022-02-06 12:19:09,38.53,1.67,64.35,27310
2022-04-01 06:54:16,140.38,3.03,425.35,54084
2021-04-02 18:53:49,82.79,8.71,721.1,14468
2022-07-09 15:24:42,176.29,9.77,1722.35,12016
2021-01-07 05:02:26,22.28,1.57,34.98,136
2021-11-12 06:17:37,25.84,5.21,134.63,13209
2022-02-01 01:14:50,212.61,9.22,1960.26,24248
2021-08-16 12:57:30,124.03,6.09,755.34,28828
2022-06-23 10:33:16,68.21,2.13,145.29,33732
2021-10-04 20:04:00,42.3,4.47,189.08,2153
2022-04-07 21:53:42,81.2,5.28,428.74,7560
2022-01-24 12:27:21,23.91,6.26,149.68,18375
2021-02-05 16:13:53,133.81,9.96,1332.75,21784
2021-03-28 18:58:06,146.8,1.36,199.65,14433
2022-04-05 04:14:12,27.36,3.2,87.55,29671
2022-03-21 21:06:16,6.15,6.16,37.88,1946
2022-02-07 11:13:30,229.07,6.29,1440.85,26604
2022-05-16 18:49:05,177.63,4.44,788.68,14812
2021-11-13 00:03:02,186.13,3.62,673.79,5567
2021-07-28 00:22:40,81.3,4.13,335.77,26716
2021-11-09 13:34:12,164.31,1.97,323.69,3722
2022-03-30 09:56:31,88.46,8.62,762.53,21602
2021-05-20 02:42:35,163.42,7.68,1255.07,61931
2021-05-03 07:57:08,91.0,4.33,394.03,21648
2022-02-25 01:39:38,76.36,3.42,261.15,18135
2021-07-04 15:24:28,105.24,4.62,486.21,8718
2021-04-18 04:31:18,8.38,9.62,80.62,8490
2022-01-10 07:12:15,137.37,3.91,537.12,29942
2021-05-09 06:06:24,126.73,3.86,489.18,18131
2022-07-22 05:46:20,140.7,7.04,990.53,57795
2022-02-12 09:26:37,71.3,3.74,266.66,32414
2021-10-10 18:05:17,30.38,9.96,302.58,5920
2022-01-16 00:26:57,12.6,7.47,94.12,1682
2022-02-10 04:26:35,126.68,1.51,191.29,4750
2022-05-03 06:26:39,26.03,2.14,55.7,14480
2022-05-31 02:05:21,56.43,2.94,165.9,65411
2021-04-07 22:13:29,177.87,7.39,1314.46,261
2022-02-26 01:24:52,215.62,4.59,989.7,69663
2021-04-15 02:56:57,6.17,0.93,5.74,46801
2021-03-24 15:33:54,209.34,5.24,1096.94,25380
2021-01-14 06:49:02,146.43,5.57,815.62,54463
2022-03-07 18:12:21,177.1,5.38,952.8,20823
2021-12-09 18:25:47,90.35,4.36,393.93,19807
2022-07-28 04:35:07,216.64,7.02,1520.81,18326
2022-05-14 16:13:42,13.83,5.48,75.79,27132
2022-06-20 19:30:32,200.38,3.33,667.27,21
2021-12-10 06:37:06,164.99,8.59,1417.26,32927
2021-03-30 23:05:42,10.02,1.57,15.73,309
2021-09-06 02:10:45,220.46,0.5,110.23,44764
2021-11-01 02:05:05,141.45,6.67,943.47,53527
2021-02-28 11:43:00,55.81,7.27,405.74,43658
2021-08-31 12:54:27,220.39,7.23,1593.42,10800
2022-06-08 06:41:28,173.13,7.1,1229.22,10933
2022-01-04 13:10:45,43.59,1.46,63.64,10144
2021-09-05 16:22:49,87.78,1.3,114.11,5462
2022-04-02 17:01:13,135.07,5.91,798.26,20889
2022-04-21 20:10:32,113.11,3.83,433.21,10872
2022-05-24 09:38:06,222.99,5.09,1135.02,10835
2022-02-25 20:32:09,116.06,2.32,269.26,4933
2021-05-28 10:56:49,135.5,4.16,563.68,7268
2021-07-01 14:16:25,165.33,0.83,137.22,25413
2022-04-22 01:50:52,176.22,4.69,826.47,40084
2021-01-16 21:20:10,217.57,2.22,483.01,5326
2021-05-22 00:11:14,15.49,2.89,44.77,15400
2021-07-11 05:27:58,187.1,5.02,939.24,62040
2022-03-02 21:47:21,177.09,3.75,664.09,7278
2022-06-01 02:38:48,29.99,1.77,53.08,47883
2021-11-25 11:06:54,232.85,3.51,817.3,10981
2021-01-08 17:05:50,98.65,6.57,648.13,6483
2022-02-09 13:18:12,164.48,0.87,143.1,3812
2022-02-04 19:29:08,155.41,3.33,517.52,3964
2021-10-14 14:08:22,224.9,5.75,1293.17,25751
2022-01-02 18:26:29,106.73,5.82,621.17,7221
2021-03-03 01:46:46,207.8,5.35,1111.73,36188
2022-03-30 05:17:49,156.39,1.51,236.15,62827
2022-06-29 01:37:22,201.04,2.64,530.75,47360
2022-07-05 01:20:46,69.1,5.08,351.03,22622
2021-03-27 17:02:42,92.0,3.92,360.64,3012
2022-06-26 13:28:10,213.91,8.24,1762.62,4629
2022-04-19 07:24:25,197.01,6.03,1187.97,14783
2021-11-01 19:59:00,80.16,0.49,39.28,3607
2021-10-16 15:13:47,175.15,6.72,1177.01,26884
2022-06-14 22:39:11,229.78,9.16,2104.78,3980
2021-05-22 05:18:14,159.2,1.59,253.13,58663
2021-09-30 00:58:54,88.66,6.01,532.85,18064
2021-11-12 09:57:55,61.32,0.76,46.6,21720
2022-05-23 02:40:01,141.53,2.16,305.7,21784
2022-06-08 09:42:13,4.53,8.37,37.92,18849
2021-05-12 17:53:41,133.97,8.21,1099.89,21607
2021-06-29 01:23:13,135.08,8.63,1165.74,25528
2022-07-07 23:03:32,104.37,3.8,396.61,3312
2021-08-24 09:01:40,163.15,2.8,456.82,42662
2021-11-02 11:32:06,77.08,4.6,354.57,28928
2021-02-27 15:16:57,66.62,2.51,167.22,15842
2022-07-19 12:01:51,208.85,4.65,971.15,20701
2022-07-20 11:04:17,186.06,8.13,1512.67,3794
2021-09-16 17:08:56,107.91,5.74,619.4,4803
2022-01-24 08:46:25,105.86,0.63,66.69,21974
2021-09-23 21:43:23,188.27,1.59,299.35,4220
2021-08-30 10:07:35,2.95,7.34,21.65,8406
2021-03-12 04:41:03,189.97,8.51,1616.64,47902
2022-07-19 01:26:42,201.3,6.46,1300.4,76873
2021-02-23 04:48:26,197.11,8.57,1689.23,50606
2021-10-13 02:47:31,220.35,1.57,345.95,76040
2021-01-06 00:42:45,131.78,3.93,517.9,65581
2021-08-02 15:28:43,44.61,1.61,71.82,1501
2021-12-12 03:26:20,232.04,2.83,656.67,55102
2022-07-27 08:18:38,54.01,3.54,191.2,43740
2022-06-24 14:45:23,176.06,2.81,494.73,14646
2021-09-12 01:08:07,82.31,8.68,714.45,58155
2021-05-16 09:56:48,46.55,0.87,40.5,32411
2022-04-27 07:02:34,159.73,3.46,552.67,33435
2021-12-21 20:25:02,55.93,0.55,30.76,1682
2021-07-16 21:13:16,77.21,0.23,17.76,3965
2021-01-08 15:22:29,121.03,0.32,38.73,29126
2022-05-22 20:37:50,152.3,1.33,202.56,662
2021-10-28 17:56:21,8.52,5.25,44.73,10867
2022-03-21 00:59:02,45.46,5.12,232.76,46819
2021-07-11 10:04:32,184.31,0.96,176.94,14890
2022-02-28 19:59:31,3.87,3.22,12.46,14411
2022-06-28 19:56:52,71.24,8.55,609.1,14462
2022-01-02 01:05:52,231.98,9.49,2201.49,70924
2021-07-05 08:27:53,34.37,8.93,306.92,5045
2022-04-16 09:59:29,98.21,4.87,478.28,36007
2022-01-12 04:11:55,145.08,4.25,616.59,49384
2021-11-03 03:30:04,63.84,1.76,112.36,19444
2021-05-22 00:39:48,62.85,6.16,387.16,25871
2021-04-18 11:22:17,42.99,0.72,30.95,858
2022-07-01 16:42:19,187.19,8.75,1637.91,25281
2021-03-15 22:55:45,153.47,6.91,1060.48,122
2021-02-05 20:59:28,152.42,2.8,426.78,10819
2022-01-19 17:22:36,19.0,4.43,84.17,8286
2022-04-02 19:29:34,181.52,8.11,1472.13,15303
2022-04-28 03:18:46,97.93,7.02,687.47,44349
2021-01-16 19:07:38,164.43,6.11,1004.67,14538
2021-08-27 15:16:01,24.19,4.5,108.86,15414
2021-08-18 19:37:28,78.32,6.07,475.4,11607
2022-04-30 05:30:49,155.39,2.29,355.84,33304
2021-11-13 16:52:05,227.43,2.24,509.44,7350
2022-06-01 19:58:39,184.84,1.15,212.57,7207
2022-05-25 08:19:37,130.37,0.79,102.99,28875
2021-07-16 10:01:15,2.93,9.15,26.81,22638
2021-02-27 04:58:34,108.27,3.12,337.8,43273
2021-08-24 22:48:14,44.73,8.04,359.63,3629
2022-02-20 15:22:16,146.19,0.13,19.0,11859
2022-06-12 16:50:11,120.83,2.32,280.33,7260
2022-01-20 11:56:41,230.98,7.33,1693.08,21613
2021-03-19 15:32:52,225.24,0.39,87.84,1027
2021-06-01 13:12:57,3.4,5.62,19.11,22081
2022-04-22 10:30:38,175.14,8.06,1411.63,19634
2021-06-10 05:30:14,141.22,6.11,862.85,47085
2021-07-31 12:57:27,130.65,9.75,1273.84,3691
2022-01-30 23:23:40,83.0,0.58,48.14,1092
2022-01-27 10:19:31,7.25,1.87,13.56,4868
2022-03-16 15:27:47,135.37,2.1,284.28,19147
2021-02-14 03:29:06,65.84,9.82,646.55,54019
2022-02-09 16:35:28,93.98,1.33,124.99,22464
2021-02-22 13:38:20,80.75,8.79,709.79,3932
2022-06-25 03:21:22,53.41,0.14,7.48,5899
2021-05-05 02:15:10,61.4,2.43,149.2,73898
2021-05-25 02:22:19,87.51,8.34,729.83,37088
2021-07-11 18:47:43,113.66,3.73,423.95,3669
2022-01-01 23:36:51,30.78,8.66,266.55,1206
2021-06-18 15:04:41,27.1,1.49,40.38,29882
2022-07-17 11:16:57,209.5,5.45,1141.78,4440
2021-04-29 00:05:26,65.44,2.9,189.78,63748
2022-04-14 13:50:45,105.15,3.0,315.45,309
2022-02-15 00:11:21,205.5,6.1,1253.55,35181
2022-04-08 02:34:18,216.72,4.41,955.74,19510
2022-04-17 02:39:31,145.68,8.52,1241.19,43873
2021-02-16 02:04:45,119.77,8.49,1016.85,27241
2021-09-03 23:15:22,164.31,4.82,791.97,1354
2021-05-16 03:41:34,134.59,9.62,1294.76,25568
2021-07-11 03:02:14,79.77,4.65,370.93,50953
2021-05-23 05:13:38,90.77,1.8,163.39,40269
2022-07-21 22:26:32,123.23,2.07,255.09,4280
2022-06-12 18:47:00,8.58,9.16,78.59,7337
2021-06-19 03:08:42,161.61,4.3,694.92,605
2021-08-18 23:55:32,227.93,5.74,1308.32,8
2021-11-29 17:22:01,134.12,5.97,800.7,5253
2022-05-11 03:43:58,200.42,3.71,743.56,43621
2022-03-22 10:12:23,239.21,7.32,1751.02,19924
2021-06-24 20:06:13,132.9,6.4,850.56,1362
2022-05-02 14:07:13,217.72,3.95,859.99,23746
2021-08-05 04:09:37,139.3,7.98,1111.61,41352
2021-04-22 13:48:01,68.11,0.12,8.17,3881
2022-07-19 11:48:31,176.68,6.44,1137.82,14462
2021-07-16 00:59:18,223.43,7.68,1715.94,36001
2022-05-25 23:47:23,40.7,4.48,182.34,376
2021-09-17 11:15:57,7.67,9.99,76.62,44821
2022-05-05 05:25:45,98.13,6.82,669.25,1682
2021-12-11 03:46:03,87.01,6.0,522.06,64891
2022-06-03 19:32:29,34.58,3.93,135.9,14899
2022-07-14 21:07:59,160.95,5.08,817.63,1500
2022-01-16 23:07:42,137.99,0.91,125.57,316
2021-04-03 15:45:21,218.84,1.59,347.96,7502
2021-11-05 22:19:13,134.57,0.97,130.53,5253
2021-12-23 15:33:16,171.68,6.44,1105.62,845
2021-08-01 12:37:24,87.92,8.29,728.86,22863
2022-06-22 19:37:39,151.24,9.21,1392.92,7691
2022-05-14 00:44:16,223.18,6.98,1557.8,54275
2022-04-29 02:43:34,183.05,0.72,131.8,50536
2021-05-14 14:50:47,194.74,9.49,1848.08,7742
2021-02-01 14:33:53,159.27,1.9,302.61,4264
2022-01-11 03:01:26,37.73,5.86,221.1,3065
2022-02-14 03:45:37,178.82,9.69,1732.77,36845
2021-09-05 03:20:36,223.23,3.92,875.06,73395
2022-04-16 22:17:59,192.17,1.92,368.97,1680
2022-06-07 06:40:39,189.66,2.78,527.25,43206
2021-05-24 05:21:46,141.09,1.43,201.76,41171
2021-05-29 04:04:36,149.45,9.19,1373.45,53412
2022-07-19 04:41:33,78.64,2.24,176.15,795
2021-02-12 05:02:29,204.87,9.72,1991.34,28508
2022-05-10 16:11:17,186.2,4.44,826.73,19709
2022-01-30 05:44:44,63.1,1.48,93.39,18788
2022-05-10 00:30:55,12.28,2.75,33.77,58501
2022-07-05 22:56:40,64.4,4.48,288.51,3729
2021-11-03 09:54:28,54.72,6.77,370.45,21601
2022-01-30 01:48:42,118.99,3.71,441.45,29172
2021-03-23 11:06:00,235.06,7.4,1739.44,17375
2022-03-22 12:21:47,68.02,6.05,411.52,28925
2022-03-11 00:12:45,157.5,7.72,1215.9,2523
2022-03-16 06:38:30,193.02,2.69,519.22,57680
2022-07-06 02:46:54,17.18,8.82,151.53,25560
2022-04-02 20:31:06,37.93,9.63,365.27,11948
2022-07-06 06:06:49,186.14,8.99,1673.4,31866
2021-05-14 07:44:48,90.52,9.24,836.4,15007
2022-05-07 18:11:31,124.25,3.13,388.9,11602
2022-06-27 06:42:58,113.15,4.39,496.73,7801
2022-02-19 03:38:55,75.89,1.88,142.67,37201
2021-07-20 13:44:24,43.71,6.55,286.3,32840
2022-01-23 02:48:59,167.53,2.31,386.99,61860
2021-12-07 16:17:25,121.35,8.08,980.51,26846
2022-02-11 09:27:58,231.75,1.18,273.46,1201
2022-06-26 13:03:27,98.5,8.45,832.32,23716
2021-11-24 22:44:55,180.3,4.02,724.81,424
2021-08-20 16:28:05,219.58,0.58,127.36,22612
2021-08-28 16:43:40,178.75,7.45,1331.69,4453
2022-07-23 21:19:48,108.42,3.09,335.02,8045
2022-07-19 20:23:27,148.62,0.3,44.59,1333
2021-04-08 19:43:48,169.08,3.96,669.56,7807
2022-07-24 04:20:36,134.88,9.12,1230.11,27244
2021-04-21 05:16:39,190.93,9.17,1750.83,66858
2021-01-29 23:22:08,216.74,4.83,1046.85,1632
2022-01-11 11:22:21,32.45,9.03,293.02,44524
2021-04-23 10:37:09,144.17,1.04,149.94,43591
2022-07-07 03:31:50,79.56,5.85,465.43,50702
2022-07-20 07:24:37,193.36,6.01,1162.09,22928
2021-05-16 20:12:32,62.91,6.96,437.85,9966
2022-07-11 17:14:12,216.8,6.64,1439.55,22238
2022-05-01 23:27:44,131.34,7.42,974.54,602
2021-10-13 16:15:05,155.54,7.97,1239.65,11690
2021-07-17 21:44:28,87.98,2.43,213.79,510
2021-03-12 04:10:02,232.12,0.16,37.14,15235
2021-11-09 02:56:01,142.49,9.3,1325.16,54037
2021-07-19 17:49:22,165.29,1.22,201.65,21678
2022-05-24 07:05:15,106.32,8.49,902.66,41683
2022-04-26 22:23:59,22.8,2.56,58.37,1920
2021-08-16 14:55:07,161.06,1.17,188.44,3677
2021-05-27 19:17:40,61.23,7.96,487.39,12667
2021-09-06 16:14:23,100.92,0.78,78.72,26728
2021-09-26 01:17:02,239.61,2.83,678.1,38202
2022-02-04 05:38:34,131.98,7.09,935.74,11051
2022-05-01 10:25:58,131.73,5.01,659.97,181
2021-04-05 04:31:15,101.51,4.09,415.18,69880
2022-01-08 16:17:41,48.65,4.69,228.17,1624
2021-05-09 15:26:03,95.71,5.32,509.18,14419
2021-05-18 00:43:22,102.15,7.81,797.79,79835
2021-09-11 09:02:57,22.25,2.25,50.06,43920
2022-01-07 16:46:04,19.46,9.43,183.51,4435
2021-10-11 02:26:57,56.99,0.5,28.5,1502
2021-07-12 21:00:07,20.99,1.64,34.42,4815
2022-07-25 02:01:12,128.74,6.22,800.76,77895
2022-03-01 12:03:35,220.41,7.04,1551.69,37092
2021-02-02 12:20:40,142.91,5.59,798.87,30841
2021-05-09 20:53:38,196.54,9.0,1768.86,10924
2022-02-23 20:44:48,201.82,1.8,363.28,7990
2021-07-12 20:31:48,204.4,9.99,2041.96,7
2022-07-21 22:12:47,183.38,0.94,172.38,4081
2021-07-26 10:01:13,20.43,4.12,84.17,30254
2021-11-19 21:40:10,232.61,7.56,1758.53,87
2021-08-29 06:46:41,66.57,3.05,203.04,25932
2021-04-05 10:23:57,35.41,6.53,231.23,28860
2022-05-07 20:14:12,162.85,2.01,327.33,4540
2022-03-10 22:43:23,128.18,7.52,963.91,4563
2022-06-09 09:35:57,184.12,5.51,1014.5,37382
2021-04-28 17:16:41,103.24,1.64,169.31,20289
2022-04-23 03:18:51,153.52,4.64,712.33,11765
2021-02-21 02:26:44,167.02,8.13,1357.87,29350
2022-03-11 22:35:35,36.53,0.75,27.4,551
2022-07-20 21:52:03,32.84,3.47,113.95,3782
2022-07-30 11:32:49,164.6,5.35,880.61,40927
2022-05-04 16:20:29,105.85,8.1,857.38,5241
2022-01-30 02:50:10,181.03,5.77,1044.54,43583
2022-04-17 17:10:38,57.02,9.19,524.01,1395
2021-09-29 04:18:26,88.9,0.91,80.9,61201
2021-05-30 16:50:30,217.27,9.47,2057.55,77
2021-01-04 04:43:30,135.38,4.08,552.35,21613
2022-02-17 02:06:14,216.65,3.28,710.61,63040
2021-02-21 16:07:59,62.21,4.04,251.33,11340
2022-01-20 08:34:15,219.09,0.12,26.29,47476
2021-08-02 10:59:02,208.86,9.29,1940.31,46824
2021-10-06 05:30:28,205.51,8.18,1681.07,61703
2021-02-23 07:25:35,72.35,4.09,295.91,39660
2021-08-17 11:37:07,196.77,0.58,114.13,43939
2021-02-15 23:35:30,124.41,5.04,627.03,202
2022-02-10 15:24:51,4.84,9.3,45.01,5103
2022-03-31 22:34:54,229.02,0.23,52.67,1385
2021-01-06 09:50:49,85.03,0.45,38.26,10929
2022-06-01 18:35:54,220.72,6.07,1339.77,15844
2021-04-22 04:48:15,49.13,8.7,427.43,54443
2022-06-14 17:16:36,231.63,2.7,625.4,14646
2022-07-24 10:14:53,217.94,0.06,13.08,22625
2021-12-26 13:04:03,52.18,0.09,4.7,20264
2021-03-01 01:32:42,218.7,2.79,610.17,76929
2022-06-12 02:49:45,175.61,4.43,777.95,7391
2022-01-10 22:11:23,194.62,6.24,1214.43,3617
2022-02-04 18:31:16,5.05,8.69,43.88,929
2022-07-24 07:41:17,166.45,8.06,1341.59,36038
2021-12-31 06:52:54,173.94,6.37,1108.0,39660
2022-05-25 19:59:46,160.43,4.92,789.32,10813
2022-04-01 11:15:04,77.62,1.43,111.0,30312
2021-06-01 01:05:12,153.06,0.84,128.57,2597
2021-01-30 15:16:53,202.11,4.97,1004.49,23640
2022-05-04 17:22:07,32.36,5.39,174.42,19705
2022-04-23 00:19:53,161.74,6.45,1043.22,56103
2021-02-07 14:13:33,36.81,2.12,78.04,30256
2021-11-04 03:48:42,150.96,8.17,1233.34,39608
2022-03-12 21:17:08,178.8,7.1,1269.48,9494
2022-01-25 18:35:46,10.65,6.12,65.18,72
2022-07-25 15:52:38,28.07,6.01,168.7,7450
2022-05-09 11:00:23,234.92,3.24,761.14,8961
2021-08-16 02:18:43,31.18,2.73,85.12,62596
2022-04-17 05:14:58,43.55,7.54,328.37,52140
2022-05-26 08:21:48,187.66,7.18,1347.4,10810
2021-12-01 23:45:43,139.46,6.43,896.73,843
2022-03-26 07:51:05,7.71,1.33,10.25,43366
2022-03-08 14:24:49,218.2,4.55,992.81,7741
2022-02-27 05:50:22,185.02,5.61,1037.96,11341
2021-07-28 15:20:27,132.46,4.92,651.7,12564
2021-01-13 03:08:13,26.93,7.43,200.09,50923
2022-05-19 10:06:16,27.32,7.21,196.98,27883
2022-04-14 00:09:05,145.55,4.9,713.2,79472
2022-02-25 17:36:21,199.64,6.87,1371.53,15748
2021-05-31 02:57:02,191.4,3.58,685.21,21607
2022-07-20 08:45:16,48.86,8.72,426.06,44019
2021-06-12 17:48:07,56.7,9.27,525.61,7501
2021-10-25 20:18:25,164.8,1.55,255.44,1151
2022-04-06 04:52:36,74.05,6.05,448.0,64942
2021-12-09 00:33:45,167.06,8.24,1376.57,12072
2021-06-24 01:43:49,226.29,1.23,278.34,14522
2021-11-12 21:33:45,164.25,9.14,1501.25,4091
2021-05-04 09:32:39,113.94,2.01,229.02,8111
2022-05-22 14:57:03,128.17,9.29,1190.7,25
2021-03-03 03:10:35,208.17,1.2,249.8,30437
2022-05-20 11:15:22,87.41,2.29,200.17,2016
2021-01-13 14:24:14,111.09,5.74,637.66,4228
2022-03-16 19:31:35,213.94,4.86,1039.75,610
2021-10-24 12:33:57,212.53,5.45,1158.29,11941
2022-05-23 02:35:49,216.99,6.43,1395.25,40502
2022-01-04 12:46:06,236.6,5.16,1220.86,4098
2022-01-31 22:36:43,87.36,4.9,428.06,1260
2022-02-15 13:21:43,185.36,0.31,57.46,26165
2021-02-02 14:57:42,79.41,0.27,21.44,21731
2022-01-18 06:47:58,215.0,6.38,1371.7,18541
2022-07-12 02:26:56,170.54,0.42,71.63,8581
2021-02-16 06:16:27,144.67,9.26,1339.64,15427
2021-01-21 19:33:49,202.15,7.55,1526.23,4444
2021-10-26 13:09:31,15.26,8.6,131.24,15136
2022-06-19 23:04:17,103.2,9.75,1006.2,66
2022-02-21 11:26:38,237.05,8.97,2126.34,18850
2021-09-20 23:00:05,209.37,2.09,437.58,2848
2022-03-25 19:16:02,33.63,3.32,111.65,12000
2022-07-23 08:59:53,112.84,7.59,856.46,3
2022-03-11 05:56:08,158.15,2.03,321.04,163
2022-06-30 09:08:01,17.05,4.5,76.73,40342
2021-06-07 17:07:02,138.86,3.22,447.13,11993
2022-01-11 06:27:20,141.17,2.29,323.28,58403
2022-03-07 08:37:14,83.7,9.94,831.98,25472
2021-07-24 03:04:11,20.25,6.43,130.21,66014
2022-04-10 03:45:39,206.97,6.97,1442.58,11526
2022-01-01 22:18:44,54.53,6.02,328.27,6003
2021-07-10 10:34:16,59.42,7.97,473.58,14594
2022-02-15 12:26:54,217.71,6.24,1358.51,25202
2021-07-17 05:07:07,100.32,4.21,422.35,49323
2021-08-02 02:18:03,127.16,7.59,965.14,36048
2022-02-28 15:49:23,203.22,3.87,786.46,29076
2022-01-27 16:17:49,35.08,8.98,315.02,15430
2021-07-15 11:46:06,237.96,2.58,613.94,22071
2022-05-12 23:40:57,27.68,6.37,176.32,1
2022-02-23 17:43:18,110.04,6.26,688.85,14912
2022-04-29 20:44:34,48.81,3.9,190.36,11362
2021-08-10 19:46:39,3.55,9.21,32.7,11583
2022-06-11 03:39:06,87.56,6.31,552.5,15257
2022-03-04 12:11:48,48.58,7.43,360.95,13024
2021-01-15 02:15:51,72.32,5.48,396.31,44166
2022-04-26 05:40:07,232.71,4.97,1156.57,33581
2022-01-09 12:38:42,107.87,5.83,628.88,19036
2022-05-22 01:07:56,234.06,3.13,732.61,31801
2022-05-15 02:15:02,129.15,1.42,183.39,33312
2021-11-28 22:47:09,202.2,6.66,1346.65,723
2022-07-12 03:22:42,41.6,4.26,177.22,18901
2022-03-20 23:29:22,82.76,0.26,21.52,1282
2022-02-17 20:37:50,171.29,7.85,1344.63,8164
2022-03-24 10:13:32,111.22,8.09,899.77,26422
2022-06-24 21:15:12,192.48,3.0,577.44,5948
2021-07-28 10:41:14,223.41,6.61,1476.74,40164
2021-07-15 08:19:06,158.48,6.55,1038.04,23888
2022-07-09 18:57:26,37.44,6.77,253.47,14533
2021-11-08 12:17:55,15.84,2.52,39.92,25262
2021-12-01 19:07:17,16.9,9.12,154.13,14487
2022-07-05 03:14:16,150.53,3.45,519.33,13152
2022-02-24 11:32:36,226.9,2.58,585.4,36900
2022-07-30 10:51:20,158.38,7.34,1162.51,47191
2021-10-10 06:34:29,106.82,5.59,597.12,19082
2021-07-27 23:33:22,125.81,2.55,320.82,206
2022-04-04 22:20:38,19.52,4.71,91.94,1694
2022-07-29 04:43:36,25.06,5.07,127.05,58219
2022-02-11 13:17:12,153.41,4.59,704.15,27639
2021-05-04 06:13:10,4.46,8.44,37.64,7648
2022-05-10 20:44:23,67.13,6.85,459.84,65
2022-02-14 12:16:23,5.38,1.99,10.71,26181
2021-06-04 18:27:45,25.6,9.23,236.29,1450
2021-06-02 04:06:28,229.06,8.81,2018.02,66079
2021-12-29 12:21:04,71.42,6.27,447.8,41464
2021-09-14 14:41:27,135.1,0.34,45.93,22287
2021-03-25 07:06:32,45.88,6.57,301.43,31802
2021-07-20 22:05:36,83.8,4.13,346.09,2236
2022-01-07 09:57:08,62.29,7.85,488.98,3601
2021-02-01 12:37:43,6.78,2.44,16.54,15186
2021-04-25 02:54:51,84.5,9.45,798.52,72248
2021-11-02 09:03:45,216.34,5.48,1185.54,42913
2022-03-18 20:32:24,62.08,8.38,520.23,10955
2021-09-06 19:47:55,218.92,4.81,1053.01,11043
2021-09-08 07:52:58,137.95,8.93,1231.89,18061
2022-04-29 23:12:29,203.95,5.61,1144.16,1802
2021-02-22 01:29:39,199.93,8.8,1759.38,77100
2022-03-28 00:02:51,83.38,6.41,534.47,24420
2021-04-22 21:09:31,148.24,4.72,699.69,8415
2021-08-05 22:15:38,199.8,0.66,131.87,4020
2022-04-25 13:54:06,227.13,3.24,735.9,18290
2021-03-26 03:19:24,229.26,5.86,1343.46,66724
2022-04-21 03:42:18,53.2,2.79,148.43,69140
2022-02-15 10:51:55,176.7,8.29,1464.84,43202
2021-11-04 00:10:19,133.13,2.7,359.45,85326
2021-12-22 23:28:58,136.29,7.64,1041.26,361
2021-02-12 05:29:48,224.43,5.76,1292.72,40805
2021-05-25 13:12:32,69.83,4.77,333.09,25741
2022-04-01 05:37:05,84.87,5.14,436.23,61476
2021-01-18 07:30:50,236.57,7.63,1805.03,36309
2022-07-03 11:20:31,170.55,4.23,721.43,19573
2021-11-23 07:19:46,223.9,0.53,118.67,47763
2021-12-28 03:14:21,173.55,3.62,628.25,40571
2021-07-14 08:12:22,195.58,4.36,852.73,33660
2021-08-05 20:40:54,85.44,9.8,837.31,4143
2021-11-02 01:56:49,183.37,4.72,865.51,21607
2022-04-21 15:05:08,82.18,1.33,109.3,1836
2022-03-18 23:14:33,221.48,0.65,143.96,967
2021-07-15 21:40:13,153.08,3.6,551.09,7386
2022-04-05 00:14:46,180.21,7.57,1364.19,69121
2022-04-21 17:30:50,158.65,2.05,325.23,22205
2022-07-10 15:44:19,159.07,5.22,830.35,11732
2022-05-25 22:08:17,51.08,3.75,191.55,5720
2021-08-06 22:48:16,62.44,5.58,348.42,4120
2022-01-13 10:23:32,56.53,5.24,296.22,908
2021-10-12 19:38:53,103.4,2.43,251.26,7926
2021-11-01 13:34:21,202.2,4.8,970.56,36689
2022-02-13 09:59:39,152.4,3.69,562.36,43207
2021-04-14 00:04:37,89.58,2.4,214.99,37813
2022-03-24 16:36:29,70.93,4.68,331.95,19153
2021-03-17 10:21:51,219.6,9.51,2088.4,23228
2021-01-29 23:54:14,197.1,4.49,884.98,187
2022-01-24 08:33:52,163.74,2.84,465.02,124
2021-01-01 16:51:32,178.59,6.52,1164.41,14407
2022-06-28 00:39:27,163.56,6.35,1038.61,26291
2022-05-30 08:35:21,103.5,7.6,786.6,40386
2021-04-17 14:43:02,160.15,2.6,416.39,4028
2022-04-18 22:31:55,112.19,0.32,35.9,1684
2021-12-03 09:12:17,67.38,1.86,125.33,3633
2022-05-11 22:24:47,162.7,0.65,105.75,63
2022-07-24 05:45:21,109.28,8.74,955.11,4471
2022-06-03 10:28:25,161.49,1.61,260.0,8848
2022-07-03 01:42:10,7.27,5.34,38.82,54273
2022-07-18 21:53:24,239.09,5.63,1346.08,7505
2021-06-29 09:56:35,133.13,0.3,39.94,39670
2021-02-01 00:53:09,204.75,7.57,1549.96,57700
2022-06-10 06:18:53,158.08,2.38,376.23,63666
2022-07-11 18:28:14,9.7,0.3,2.91,11413
2022-05-22 02:12:31,18.02,7.14,128.66,61406
2021-07-08 02:19:43,213.81,5.43,1160.99,23946
2022-07-31 11:30:59,8.06,3.24,26.11,3840
2021-05-22 12:05:31,77.17,1.51,116.53,25922
2022-01-20 12:58:56,230.26,8.8,2026.29,0
2022-07-17 00:35:26,194.66,0.25,48.66,80581
2021-08-14 11:13:18,202.32,7.77,1572.03,37697
2021-07-02 01:38:28,60.12,7.92,476.15,22753
2021-05-28 07:18:38,74.85,3.78,282.93,40507
2021-05-31 23:10:42,141.38,9.41,1330.39,1390
2022-03-22 18:45:19,210.87,9.24,1948.44,7776
2021-03-02 09:11:28,20.91,8.07,168.74,48305
2022-02-21 18:47:48,46.85,5.07,237.53,14581
2022-06-21 17:31:43,152.67,0.69,105.34,4036
2022-03-12 01:43:42,207.64,7.21,1497.08,65101
2021-04-23 19:54:48,74.25,3.26,242.05,10980
2022-04-08 01:23:03,4.48,4.07,18.23,63272
2022-05-08 12:21:14,73.79,6.51,480.37,1464
2022-01-04 18:44:02,85.16,1.57,133.7,18770
2022-02-04 05:16:58,3.2,8.94,28.61,41760
2021-11-21 02:09:08,121.63,3.47,422.06,49762
2022-02-04 13:55:11,168.79,1.26,212.68,14423
2022-07-20 04:55:09,150.19,9.41,1413.29,61455
2021-12-11 22:45:44,131.92,9.72,1282.26,602
2022-02-15 15:51:36,197.09,7.4,1458.47,25520
2021-12-16 06:27:13,137.01,8.17,1119.37,26249
2021-04-25 17:33:32,203.4,9.11,1852.97,22161
2022-07-28 23:45:42,115.97,8.01,928.92,666
2022-02-14 00:16:03,229.78,9.75,2240.36,11777
2021-04-28 22:41:39,5.32,4.43,23.57,4207
2021-07-13 17:52:02,136.5,6.19,844.94,14686
2022-02-18 03:32:44,34.32,4.36,149.64,39725
2021-04-01 14:19:35,201.66,9.1,1835.11,27199
2021-12-22 15:08:01,51.08,8.21,419.37,19347
2021-03-19 21:37:56,35.8,8.22,294.28,362
2021-05-03 23:55:58,167.34,0.55,92.04,61
2022-04-13 10:29:27,80.89,9.92,802.43,22952
2021-01-13 03:28:03,178.51,3.12,556.95,33405
2022-02-10 05:31:57,174.5,3.38,589.81,44702
2022-03-11 17:33:51,56.05,9.94,557.14,123
2021-11-27 04:47:19,8.59,9.09,78.08,18488
2021-06-11 01:46:02,74.73,0.45,33.63,65051
2021-01-21 17:24:44,129.9,6.76,878.12,1743
2021-11-25 10:18:35,235.82,8.27,1950.23,11595
2022-03-25 14:26:11,59.22,0.72,42.64,18068
2022-01-10 06:33:43,48.01,4.73,227.09,8585
2021-09-07 13:18:36,198.98,2.14,425.82,25926
2021-08-27 03:01:33,143.32,6.07,869.95,23415
2022-05-25 04:22:00,120.97,8.34,1008.89,56215
2021-11-06 22:22:50,26.54,7.48,198.52,1504
2021-02-10 08:50:24,230.98,7.87,1817.81,43380
2022-03-05 21:27:54,60.69,8.17,495.84,3605
2021-01-23 14:53:45,102.45,0.25,25.61,7512
2021-07-04 12:43:01,39.59,5.37,212.6,18086
2021-07-11 04:39:24,176.57,9.67,1707.43,65915
2022-02-27 06:11:46,8.02,4.67,37.45,43931
2021-12-21 04:16:12,110.95,0.56,62.13,58359
2021-01-07 11:56:32,37.79,3.04,114.88,43221
2021-08-31 15:13:57,189.64,6.37,1208.01,20520
2021-10-15 01:21:48,22.22,9.25,205.53,62223
2022-03-29 23:21:33,67.97,5.63,382.67,1824
2021-03-10 16:24:30,77.18,8.76,676.1,19680
2021-11-19 18:02:40,100.4,5.52,554.21,1037
2022-06-28 21:10:10,73.38,5.5,403.59,9207
2021-09-17 09:26:00,133.75,1.77,236.74,12437
2022-06-09 01:47:16,3.48,7.83,27.25,29256
2022-04-01 16:58:31,141.03,4.71,664.25,25288
2021-12-09 03:07:31,28.62,1.52,43.5,1941
2022-01-05 16:34:20,112.25,9.56,1073.11,7520
2022-03-07 05:20:57,215.69,6.54,1410.61,12540
2021-07-17 00:48:01,115.97,6.83,792.08,64886
2022-02-04 17:23:36,173.87,9.18,1596.13,5106
2022-04-01 02:12:26,192.52,8.93,1719.2,1589
2021-01-14 04:34:07,87.28,8.75,763.7,33703
2021-03-20 06:22:13,191.41,4.84,926.42,37359
2022-03-09 01:55:38,56.39,0.58,32.71,18141
2021-01-06 07:38:43,183.82,0.11,20.22,7567
2021-06-25 22:51:41,36.45,4.51,164.39,3616
2022-04-11 13:54:49,158.05,1.11,175.44,11045
2022-04-23 02:09:31,123.07,9.39,1155.63,18740
2021-04-01 07:51:24,60.67,9.74,590.93,43415
2022-05-20 10:58:12,101.58,2.01,204.18,28843
2021-05-01 19:51:08,225.26,1.82,409.97,7640
2022-04-24 10:38:08,167.6,3.37,564.81,25959
2021-10-05 19:48:37,144.76,9.96,1441.81,3907
2022-01-17 20:15:11,32.36,2.08,67.31,12633
2021-05-21 04:36:22,130.28,6.65,866.36,69313
2022-02-13 07:41:43,81.78,6.56,536.48,36783
2022-04-26 13:22:41,13.82,4.11,56.8,22150
2022-01-27 08:36:39,179.12,3.56,637.67,54078
2022-05-27 07:12:48,82.46,4.61,380.14,36244
2022-01-14 08:53:58,171.81,1.66,285.2,54060
2021-04-27 17:55:41,158.83,6.78,1076.87,18071
2021-02-18 18:42:00,212.07,1.28,271.45,11720
2022-06-05 09:24:02,128.41,8.66,1112.03,51475
2021-02-23 02:05:44,14.95,9.59,143.37,74947
2021-05-02 15:40:50,130.28,8.66,1128.22,845
2021-07-10 02:07:18,132.67,0.89,118.08,36843
2022-06-22 08:37:25,134.83,2.38,320.9,29892
2021-07-03 12:02:06,173.43,8.6,1491.5,31178
2021-09-05 20:00:05,219.11,8.49,1860.24,6162
2022-04-15 07:20:19,106.33,3.87,411.5,33492
2021-04-06 06:24:42,20.83,4.55,94.78,32535
2022-05-21 02:49:34,90.01,2.78,250.23,10997
2021-12-23 09:11:02,87.14,6.26,545.5,31314
2022-01-13 12:01:54,222.09,0.65,144.36,10621
2022-01-09 22:28:14,133.26,8.51,1134.04,1816
2021-08-26 10:57:05,64.28,6.77,435.18,100
2021-06-06 21:09:23,224.65,2.73,613.29,310
2021-06-30 21:41:29,75.08,2.17,162.92,7208
2022-02-13 16:45:44,125.01,9.05,1131.34,21902
2021-03-18 06:10:44,53.93,9.01,485.91,51964
2021-10-08 17:34:05,128.58,4.01,515.61,4003
2021-05-31 12:05:26,150.74,8.82,1329.53,11898
2021-09-08 19:48:09,92.17,2.59,238.72,11469
2022-06-22 02:48:37,62.23,1.69,105.17,58040
2021-04-02 20:35:34,55.1,0.76,41.88,904
2022-07-29 20:02:13,80.27,4.93,395.73,13707
2022-07-05 00:34:51,10.1,7.68,77.57,65404
2021-11-24 12:53:15,123.04,9.3,1144.27,185
2021-01-06 20:07:15,173.87,9.14,1589.17,5880
2022-01-02 06:08:22,233.32,1.27,296.32,57805
2022-02-28 04:45:30,37.09,1.22,45.25,7390
2021-12-22 11:36:52,70.88,1.54,109.16,3965
2022-06-21 08:22:47,145.02,8.59,1245.72,48485
2022-05-31 00:06:19,100.11,6.68,668.73,26559
2021-06-28 04:24:47,195.85,1.92,376.03,23710
2021-02-05 13:13:08,93.83,3.49,327.47,29840
2021-06-21 22:33:50,111.27,6.37,708.79,4140
2022-03-05 08:53:24,61.35,9.48,581.6,7223
2022-05-09 01:54:00,202.58,9.96,2017.7,50625
2021-09-30 22:45:12,40.95,5.67,232.19,4460
2021-06-16 03:51:06,151.2,7.88,1191.46,21754
2021-08-16 00:05:04,175.54,0.54,94.79,37130
2021-12-09 17:50:20,145.16,6.51,944.99,11120
2022-03-24 12:55:13,160.05,6.85,1096.34,21749
2022-05-17 22:15:58,168.57,4.56,768.68,5161
2021-10-26 11:09:51,4.31,0.82,3.53,36422
2021-02-17 12:01:15,185.15,7.97,1475.65,11979
2021-12-08 19:06:01,133.73,4.46,596.44,2293
2021-08-25 04:40:57,8.3,7.36,61.09,18302
2022-04-04 16:59:58,217.9,5.95,1296.51,7200
2022-07-27 11:05:42,181.98,9.78,1779.76,32655
2022-07-24 13:06:51,0.01,3.1,0.03,18426
2021-02-19 18:20:34,58.82,4.23,248.81,15440
2022-04-20 10:36:50,144.81,6.05,876.1,40448
2022-07-03 16:25:04,104.65,8.97,938.71,7293
2021-08-01 03:11:41,152.04,9.28,1410.93,2883
2021-09-12 01:40:30,167.54,1.0,167.54,76500
2022-07-29 05:03:40,79.21,4.69,371.49,16331
2022-06-03 18:52:55,38.21,3.45,131.82,3780
2022-01-27 08:59:01,93.31,0.82,76.51,18018
2021-09-09 14:09:22,3.37,0.44,1.48,7803
2022-02-15 10:29:03,120.74,3.09,373.09,7230
2022-06-30 11:41:02,148.46,3.6,534.46,18793
2021-04-03 12:06:29,78.61,3.84,301.86,6725
2022-06-03 03:56:25,130.32,8.28,1079.05,43386
2021-09-07 07:31:58,54.18,5.39,292.03,19200
2022-01-26 18:48:54,1.22,8.22,10.03,3844
2022-02-18 07:06:04,56.77,9.91,562.59,41671
2021-12-13 08:32:46,10.39,5.46,56.73,29520
2021-09-13 19:17:58,113.87,6.73,766.35,1921
2021-12-23 02:41:46,163.65,4.45,728.24,40146
2022-01-19 04:43:16,38.6,9.99,385.61,10902
2022-02-25 23:08:28,206.11,8.04,1657.12,1520
2022-05-01 09:28:34,167.17,7.53,1258.79,11414
2021-04-26 05:32:49,165.93,0.43,71.35,43382
2021-07-03 12:58:10,174.84,7.12,1244.86,39692
2022-03-03 01:23:32,132.22,9.15,1209.81,1505
2022-03-22 13:55:48,41.05,4.7,192.94,14640
2022-07-06 02:14:30,202.59,4.65,942.04,72304
2022-03-05 07:05:11,101.71,8.58,872.67,15039
2022-04-27 06:42:38,79.35,4.91,389.61,11478
2021-08-05 02:59:39,201.84,7.98,1610.68,21613
2021-11-04 05:14:19,112.03,6.06,678.9,48450
2022-07-18 18:39:32,77.53,2.62,203.13,11539
2022-02-04 22:54:26,5.57,2.71,15.09,211
2021-01-30 19:36:50,213.76,2.34,500.2,3780
2021-10-12 22:53:59,183.1,7.25,1327.47,120
2021-05-26 13:15:00,218.47,7.0,1529.29,33522
2021-01-15 15:03:31,237.35,6.49,1540.4,10387
2022-07-21 20:27:48,203.77,0.66,134.49,5284
2021-05-06 02:23:08,56.84,8.56,486.55,55512
2022-01-09 21:40:41,211.33,6.58,1390.55,7501
2021-04-15 02:23:25,196.32,2.69,528.1,23112
2022-07-15 09:54:57,62.61,2.7,169.05,10980
2022-02-15 06:06:08,131.94,0.73,96.32,59063
2022-03-18 09:00:05,35.89,4.91,176.22,39639
2021-11-07 12:58:19,115.96,6.01,696.92,88
2021-11-02 02:58:09,200.13,5.57,1114.72,46830
2021-03-29 01:36:10,108.21,9.15,990.12,76461
2022-06-02 18:54:04,54.3,2.52,136.84,18107
2021-05-27 03:44:17,125.64,3.08,386.97,39974
2022-07-09 09:50:26,151.59,4.29,650.32,10921
2022-06-23 12:56:16,76.22,7.48,570.13,21703
2021-12-29 19:17:40,95.53,9.4,897.98,15904
2022-01-08 02:25:31,46.1,9.41,433.8,76587
2022-04-25 22:50:09,234.26,5.17,1211.12,3770
2022-06-22 19:34:32,68.27,0.49,33.45,15908
2021-06-05 10:47:30,226.53,3.09,699.98,47308
2022-06-22 02:01:33,118.91,2.95,350.78,26945
2021-01-28 20:11:11,225.86,7.29,1646.52,5167
2022-04-17 09:25:16,66.51,1.91,127.03,25817
2022-05-27 03:16:55,185.12,0.49,90.71,29103
2021-08-03 04:05:27,4.74,2.12,10.05,31644
2022-03-07 09:43:02,141.41,2.1,296.96,33410
2022-03-12 11:21:26,228.93,8.33,1906.99,34645
2021-05-04 11:49:22,146.57,1.9,278.48,188
2021-07-29 09:58:46,134.56,2.43,326.98,39666
2021-04-01 06:24:14,206.86,6.94,1435.61,18604
2022-03-29 22:02:01,90.69,7.57,686.52,5702
2022-06-11 02:33:21,166.75,4.97,828.75,76682
2022-06-17 06:00:04,32.27,8.48,273.65,30102
2021-08-30 01:42:04,219.84,3.42,751.85,4020
2022-01-01 14:58:10,30.08,6.31,189.8,18027
2022-06-26 16:25:18,22.0,0.84,18.48,4102
2022-07-19 10:24:49,136.24,2.88,392.37,5401
2022-05-10 09:49:46,22.23,2.49,55.35,32467
2021-04-15 09:58:35,15.79,7.28,114.95,18077
2021-07-05 04:22:41,205.54,6.96,1430.56,29108
2022-04-18 12:19:21,207.48,5.49,1139.07,29228
2022-07-02 12:01:08,189.32,4.95,937.13,37213
2022-03-12 11:10:50,226.16,6.64,1501.7,32949
2022-05-06 07:18:50,106.69,1.55,165.37,49146
2021-03-18 22:58:28,95.37,6.56,625.63,66
2022-06-13 15:38:25,232.45,2.59,602.05,19210
2021-11-09 23:21:11,190.37,3.01,573.01,2244
2022-06-09 01:37:32,27.44,5.86,160.8,11783
2021-01-15 23:53:10,31.97,6.45,206.21,409
2022-01-02 19:17:20,219.87,9.34,2053.59,5824
2021-02-07 20:57:32,200.64,4.63,928.96,10819
2021-08-09 10:27:30,199.77,1.11,221.74,19588
2021-02-04 14:34:46,130.9,7.41,969.97,8
2021-05-10 20:53:26,194.43,6.33,1230.74,10942
2022-06-19 10:56:37,234.74,3.54,830.98,25390
2021-12-25 04:32:15,89.04,2.34,208.35,14825
2022-07-14 16:06:57,203.64,4.38,891.94,24360
2021-05-05 10:02:35,15.62,4.49,70.13,38601
2022-06-22 22:16:36,222.1,3.83,850.64,1695
2022-06-06 03:22:58,129.57,0.39,50.53,66481
2022-06-27 19:51:51,105.8,2.78,294.12,14763
2021-02-14 04:01:14,233.69,2.0,467.38,18622
2022-07-23 09:47:58,115.61,1.79,206.94,50401
2022-02-09 23:47:22,13.46,3.82,51.42,559
2022-07-03 01:47:27,165.98,5.61,931.15,79761
2022-06-09 08:49:45,153.16,8.18,1252.85,36127
2022-07-31 03:07:57,118.86,4.94,587.17,48422
2022-02-03 04:55:03,217.69,3.48,757.56,57737
2021-02-22 03:20:54,131.6,9.26,1218.62,37202
2021-02-14 12:13:35,5.59,3.86,21.58,29896
2021-05-16 20:21:27,70.58,7.44,525.12,11406
2022-07-18 21:45:34,180.15,7.06,1271.86,740
2022-04-22 05:09:56,143.48,1.04,149.22,36120
2021-07-15 15:11:22,145.14,9.69,1406.41,9384
2021-02-16 04:22:31,41.2,7.87,324.24,54447
2021-07-28 21:46:47,155.28,6.06,941.0,3902
2021-08-25 14:52:44,234.37,0.56,131.25,18248
2022-01-05 02:13:49,18.3,9.97,182.45,3907
2022-05-15 08:57:58,46.24,0.63,29.13,36000
2021-04-06 21:36:18,229.44,3.42,784.68,4444
2022-01-19 14:00:10,238.35,9.14,2178.52,20589
2022-03-27 21:58:43,105.62,3.73,393.96,7265
2022-03-05 00:34:17,119.95,2.36,283.08,33397
2021-02-27 16:29:07,83.34,8.67,722.56,26268
2021-10-04 17:47:32,169.74,5.57,945.45,14826
2021-03-09 16:42:58,23.27,6.61,153.81,25621
2022-01-04 00:38:26,30.66,3.48,106.7,57990
2021-07-24 18:25:09,137.17,0.48,65.84,1776
2022-01-30 10:27:39,210.47,2.31,486.19,40502
2022-05-04 02:51:53,90.06,4.64,417.88,18484
2021-03-04 10:10:56,121.32,0.87,105.55,16021
2022-01-11 05:13:08,196.35,4.23,830.56,23707
2022-03-23 05:23:59,224.32,4.9,1099.17,66000
2022-07-08 20:50:18,167.95,4.41,740.66,184
2021-02-05 09:42:00,192.4,9.42,1812.41,18590
2022-03-17 00:26:45,120.95,5.14,621.68,75902
2021-04-15 21:32:01,94.15,0.29,27.3,4472
2021-02-04 18:13:59,161.74,7.15,1156.44,5460
2022-04-25 04:23:14,27.51,3.38,92.98,41254
2021-07-26 06:26:05,125.81,5.28,664.28,33906
2021-07-14 19:48:57,165.49,2.05,339.25,4200
2021-09-12 00:41:36,170.73,5.52,942.43,43219
2022-04-08 18:41:16,235.95,1.43,337.41,445
2021-09-25 08:30:43,113.04,7.02,793.54,5165
2022-03-27 13:37:26,200.36,5.06,1013.82,3603
2021-02-05 07:25:04,110.67,3.78,418.33,34283
2021-07-27 14:29:51,79.18,5.12,405.4,4081
2021-08-23 16:31:52,158.59,0.05,7.93,12306
2022-07-15 00:08:52,100.73,0.75,75.55,5162
2021-10-26 00:26:20,206.66,3.63,750.18,18246
2021-02-26 22:31:58,80.17,2.94,235.7,720
2021-04-07 15:50:12,47.82,5.15,246.27,25386
2021-11-30 21:17:58,202.44,9.32,1886.74,5640
2022-01-11 07:36:55,198.29,3.4,674.19,33601
2022-07-02 07:57:53,15.59,2.64,41.16,10803
2022-04-25 10:49:04,38.74,1.07,41.45,11263
2021-03-01 22:44:30,143.54,6.38,915.79,4101
2021-11-27 03:11:58,200.8,8.6,1726.88,3601
2022-02-06 10:44:45,166.54,2.0,333.08,10927
2021-12-17 10:42:57,20.08,1.8,36.14,36722
2021-04-21 05:10:21,61.25,1.22,74.72,43232
2022-03-09 16:47:45,228.23,4.27,974.54,11167
2022-05-16 07:34:38,132.99,5.18,688.89,54014
2022-05-06 00:13:36,83.87,3.99,334.64,72969
2022-05-14 14:51:53,123.8,3.73,461.77,10801
2022-03-10 18:18:15,18.69,4.54,84.85,252
2022-01-28 07:50:51,208.88,6.87,1435.01,11221
2021-10-19 10:35:36,198.18,8.74,1732.09,33610
2022-05-10 07:39:10,72.25,2.38,171.95,25526
2021-09-03 07:53:57,167.9,0.94,157.83,54241
2021-03-13 17:34:47,9.38,9.39,88.08,22266
2021-07-13 11:12:51,43.33,3.34,144.72,61
2021-03-26 01:03:45,62.17,4.77,296.55,40681
2021-05-21 07:56:16,177.08,6.11,1081.96,46888
2022-07-20 23:06:15,88.89,6.25,555.56,918
2021-02-15 11:58:23,119.92,6.45,773.48,43261
2021-05-23 00:42:33,239.51,2.85,682.6,801
2022-04-11 19:01:28,118.56,6.05,717.29,12443
2021-01-05 20:23:14,157.26,0.56,88.07,8083
2021-07-16 14:51:03,67.48,5.62,379.24,173
2021-11-02 04:54:12,90.3,3.78,341.33,36336
2022-01-27 09:40:30,127.92,8.93,1142.33,18680
2021-11-25 07:15:27,223.49,7.78,1738.75,5191
2021-04-18 20:58:39,152.45,8.15,1242.47,7266
2022-03-19 13:47:48,130.16,9.67,1258.65,29289
2021-04-06 17:42:41,99.68,5.87,585.12,4448
2021-07-10 17:09:52,19.18,3.93,75.38,14827
2021-10-12 10:37:39,110.14,5.18,570.53,29827
2022-05-19 00:41:06,70.99,0.43,30.53,47105
2022-04-03 01:15:26,100.25,6.71,672.68,12365
2021-10-02 07:52:12,102.17,5.87,599.74,25449
2021-01-19 06:52:09,138.63,9.63,1335.01,50666
2022-05-27 08:43:12,36.36,6.63,241.07,4471
2021-03-27 08:35:48,192.27,2.91,559.51,180
2022-06-11 15:47:08,125.53,4.22,529.74,25839
2021-09-29 09:35:43,115.3,2.61,300.93,189
2021-04-29 20:57:30,207.09,3.74,774.52,3736
2022-03-09 23:40:02,206.05,9.7,1998.68,9
2022-03-12 18:43:03,156.29,0.07,10.94,14500
2022-03-06 02:20:40,114.43,3.23,369.61,15420
2022-06-04 02:47:24,214.45,8.27,1773.5,58218
2022-02-19 20:58:08,104.41,5.84,609.75,41
2022-01-07 15:09:00,71.04,4.32,306.89,12818
2021-08-30 21:59:52,8.08,4.13,33.37,6
2022-05-24 21:30:23,164.74,5.16,850.06,4470
2021-03-01 05:58:03,77.5,5.12,396.8,90
2021-02-23 21:37:34,82.87,0.23,19.06,7742
2021-03-25 06:47:49,91.84,5.44,499.61,54301
2021-02-21 02:21:27,51.49,6.75,347.56,43464
2022-06-05 08:27:22,93.65,1.02,95.52,3863
2021-06-29 00:29:13,38.16,9.94,379.31,73643
2021-11-06 20:42:46,91.88,2.92,268.29,4383
2021-08-31 16:51:12,126.25,7.19,907.74,7359
2022-03-08 02:03:43,103.78,1.3,134.91,73328
2021-01-24 10:48:07,190.41,9.51,1810.8,225
2022-01-23 20:49:11,40.72,4.11,167.36,586
2022-07-22 00:22:30,114.28,1.86,212.56,72845
2021-12-08 18:04:27,217.3,2.55,554.12,310
2022-04-23 00:35:38,114.59,0.07,8.02,65284
2022-06-05 09:20:16,119.41,2.87,342.71,12609
2022-03-11 07:16:16,150.72,9.28,1398.68,16340
2022-02-14 16:36:26,196.7,9.81,1929.63,25560
